,City,Country,Lat,Lng,Max Temp,Humidity,Cloudiness,Wind Speed,Current Description
0,Le Port,RE,-20.9373,55.2919,67.24,71,4,3.33,light rain
1,Kodiak,US,57.79,-152.4072,51.31,82,100,12.66,overcast clouds
2,Punta Arenas,CL,-53.15,-70.9167,35.71,87,20,19.57,few clouds
3,Tiksi,RU,71.6872,128.8694,34.7,76,100,17.54,overcast clouds
4,Butaritari,KI,3.0707,172.7902,81.81,77,83,14.63,light rain
5,Severo-Kurilsk,RU,50.6789,156.125,47.86,94,100,1.25,overcast clouds
6,Barcelos,PT,41.5388,-8.6151,60.91,86,52,7.25,broken clouds
7,Bredasdorp,ZA,-34.5322,20.0403,49.21,85,10,3.6,clear sky
8,Northview,US,43.0456,-85.6006,77.86,44,75,8.05,broken clouds
9,Tasiilaq,GL,65.6145,-37.6368,44.76,68,64,4.14,broken clouds
10,Hobart,AU,-42.8794,147.3294,53.26,83,75,6.91,broken clouds
11,Mataura,NZ,-46.1927,168.8643,42.48,92,95,1.1,overcast clouds
12,Arica,CL,-18.475,-70.3042,62.15,77,0,4.61,clear sky
13,Rosetown,CA,51.5501,-108.0014,69.66,82,100,10.36,heavy intensity rain
14,Ribeira Grande,PT,38.5167,-28.7,63.77,75,24,23.96,few clouds
15,Christchurch,NZ,-43.5333,172.6333,49.91,81,75,6.91,broken clouds
16,Kruisfontein,ZA,-34.0033,24.7314,47.98,84,38,6.22,scattered clouds
17,Sambava,MG,-14.2667,50.1667,72.12,87,79,14.7,moderate rain
18,Savannah Bight,HN,16.45,-85.85,80.91,85,96,28.23,overcast clouds
19,Georgetown,MY,5.4112,100.3354,78.73,93,20,2.3,few clouds
20,Belmopan,BZ,17.25,-88.7667,73.78,96,100,3.09,overcast clouds
21,Kaeo,NZ,-35.1,173.7833,55.33,93,100,19.51,overcast clouds
22,Mar Del Plata,AR,-38.0023,-57.5575,48.09,77,75,5.01,broken clouds
23,Port-Gentil,GA,-0.7193,8.7815,73.36,88,40,9.22,scattered clouds
24,Pemangkat,ID,1.1667,108.9667,76.68,88,32,5.44,scattered clouds
25,Oboyan,RU,51.2098,36.2792,65.66,63,24,10.09,few clouds
26,Okhotsk,RU,59.3833,143.3,51.53,83,100,4.36,overcast clouds
27,Port Keats,AU,-14.25,129.55,70.54,38,100,6.33,overcast clouds
28,Hasaki,JP,35.7333,140.8333,77.4,85,100,8.12,overcast clouds
29,Tuatapere,NZ,-46.1333,167.6833,47.34,82,84,3.09,broken clouds
30,Airai,TL,-8.9266,125.4092,58.06,72,85,3.02,overcast clouds
31,Port Elizabeth,ZA,-33.918,25.5701,52.32,89,0,6.91,clear sky
32,Busselton,AU,-33.65,115.3333,59.72,80,100,4.99,overcast clouds
33,Puerto Ayora,EC,-0.7393,-90.3518,69.55,97,79,5.99,broken clouds
34,Qaanaaq,GL,77.484,-69.3632,36.93,81,34,1.68,scattered clouds
35,Hatillo,PR,18.4863,-66.8254,83.98,81,5,11.01,clear sky
36,Novoagansk,RU,61.9449,76.6625,59.94,67,95,5.75,overcast clouds
37,Bogdanovich,RU,56.7803,62.0494,54.75,92,73,7.74,broken clouds
38,Hami,CN,42.8,93.45,78.04,21,100,12.68,overcast clouds
39,Husavik,IS,66.0449,-17.3389,51.53,95,88,6.87,overcast clouds
40,Saint-Augustin,CA,51.226,-58.6502,46.36,96,100,15.03,overcast clouds
41,Clyde River,CA,70.4692,-68.5914,35.83,87,75,23.02,broken clouds
42,Hokitika,NZ,-42.7167,170.9667,50.31,59,1,5.7,clear sky
43,Colombo,LK,6.9319,79.8478,78.75,85,94,9.82,overcast clouds
44,Ushuaia,AR,-54.8,-68.3,29.86,100,100,2.3,light snow
45,Hithadhoo,MV,-0.6,73.0833,83.41,69,82,8.55,broken clouds
46,Rosa Zarate,EC,0.3333,-79.4667,74.71,91,99,2.8,overcast clouds
47,Zeitz,DE,51.05,12.15,66.72,96,43,5.21,scattered clouds
48,Bloemhof,ZA,-27.6469,25.607,54.34,38,4,9.26,clear sky
49,Saint-Pierre,RE,-21.3393,55.4781,66.9,82,75,8.05,broken clouds
50,Baykit,RU,61.67,96.37,61.59,68,100,7.23,overcast clouds
51,Alice Springs,AU,-23.7,133.8833,51.35,71,96,4.61,overcast clouds
52,Hilo,US,19.7297,-155.09,85.28,62,40,10.36,scattered clouds
53,Constitucion,CL,-35.3333,-72.4167,52.36,69,100,3.74,overcast clouds
54,Jamestown,US,42.097,-79.2353,64.06,44,0,10.36,clear sky
55,Cayenne,GF,4.9333,-52.3333,81.09,1,0,0.0,clear sky
56,Barrow,US,71.2906,-156.7887,51.82,71,0,13.8,clear sky
57,Grandview,US,38.8858,-94.533,91.38,60,20,11.5,few clouds
58,Juneau,US,58.3019,-134.4197,56.21,84,100,14.97,overcast clouds
59,Vicuna,CL,-30.0319,-70.7081,46.13,39,97,2.33,overcast clouds
60,Nuuk,GL,64.1835,-51.7216,45.21,93,100,4.61,light snow
61,Tuktoyaktuk,CA,69.4541,-133.0374,37.4,87,40,17.27,scattered clouds
62,Makokou,GA,0.5738,12.8642,68.56,98,98,1.68,light rain
63,Iwanai,JP,42.9744,140.5089,62.04,93,82,6.02,broken clouds
64,Vardo,NO,70.3705,31.1107,42.78,93,100,4.61,overcast clouds
65,Yellowknife,CA,62.456,-114.3525,72.12,23,20,11.5,few clouds
66,Vostok,RU,46.4856,135.8833,59.99,84,21,3.65,few clouds
67,Bluff,NZ,-46.6,168.3333,42.8,80,96,2.73,overcast clouds
68,Carnarvon,AU,-24.8667,113.6333,55.47,94,0,6.91,clear sky
69,Rodrigues Alves,BR,-7.738,-72.6509,77.2,98,62,1.16,broken clouds
70,Bambanglipuro,ID,-7.95,110.2833,75.54,89,66,5.21,broken clouds
71,Luang Prabang,LA,19.8856,102.1347,72.01,96,67,1.61,broken clouds
72,Dali,CN,25.7,100.1833,60.89,94,63,4.41,broken clouds
73,North Bend,US,43.4065,-124.2243,69.24,83,40,18.41,scattered clouds
74,Ilulissat,GL,69.2167,-51.1,39.22,81,17,8.05,few clouds
75,Santiago,CL,-33.4569,-70.6483,56.86,52,75,2.3,broken clouds
76,Rikitea,PF,-23.1203,-134.9692,73.09,63,73,21.45,broken clouds
77,Beisfjord,NO,68.3751,17.5988,52.05,97,100,2.48,overcast clouds
78,Port Alfred,ZA,-33.5906,26.891,57.61,73,77,7.61,broken clouds
79,Saint-Philippe,RE,-21.3585,55.7679,65.79,79,51,14.16,light rain
80,Damghan,IR,36.1683,54.348,71.47,54,2,0.6,clear sky
81,Ushibuka,JP,32.1906,130.0228,72.32,95,100,9.15,overcast clouds
82,Muros,ES,42.7762,-9.0603,57.09,89,95,6.11,overcast clouds
83,Castro,BR,-24.7911,-50.0119,51.06,93,49,5.66,scattered clouds
84,Vaini,TO,-21.2,-175.2,80.76,83,75,16.11,broken clouds
85,Muroto,JP,33.2833,134.15,73.72,85,100,1.79,overcast clouds
86,Albany,US,42.6001,-73.9662,68.65,37,4,12.48,clear sky
87,Thompson,CA,55.7435,-97.8558,84.36,42,75,2.3,broken clouds
88,Muravlenko,RU,63.7898,74.523,61.07,64,37,7.47,scattered clouds
89,Lompoc,US,34.6391,-120.4579,87.57,56,0,27.0,clear sky
90,Buchanan,LR,5.8808,-10.0467,77.49,74,8,5.61,clear sky
91,Cherskiy,RU,68.75,161.3,61.07,46,100,16.37,overcast clouds
92,Brae,GB,60.3964,-1.353,49.37,94,5,6.91,clear sky
93,Sibolga,ID,1.7427,98.7792,74.93,86,100,3.53,overcast clouds
94,Denpasar,ID,-8.65,115.2167,82.06,83,40,10.36,scattered clouds
95,Kapaa,US,22.0752,-159.319,84.18,75,75,13.8,broken clouds
96,Rawson,AR,-43.3002,-65.1023,41.22,61,1,8.19,clear sky
97,Victoria,HK,22.2855,114.1577,85.17,83,99,11.99,overcast clouds
98,East London,ZA,-33.0153,27.9116,62.38,61,100,7.34,overcast clouds
99,Trinidad,BO,-14.8333,-64.9,76.98,73,1,3.44,clear sky
100,Odda,NO,60.0691,6.5457,54.77,74,53,5.64,broken clouds
101,Miri,MY,4.4148,114.0089,77.14,100,40,3.44,scattered clouds
102,New Norfolk,AU,-42.7826,147.0587,52.92,86,100,2.73,overcast clouds
103,Muhos,FI,64.808,25.9931,47.98,95,94,1.5,overcast clouds
104,Katsuura,JP,35.1333,140.3,73.58,91,100,17.2,light rain
105,Zhaotong,CN,27.3167,103.7167,62.38,95,89,2.64,overcast clouds
106,Hamilton,US,39.1834,-84.5333,79.65,35,0,4.61,clear sky
107,Cape Town,ZA,-33.9258,18.4232,55.11,77,0,12.66,clear sky
108,Marquette,US,46.5333,-87.6335,67.82,47,99,13.73,overcast clouds
109,Obo,CF,5.3998,26.4869,64.99,94,100,2.93,overcast clouds
110,Luderitz,NA,-26.6481,15.1594,55.45,73,0,4.09,clear sky
111,Chokurdakh,RU,70.6333,147.9167,45.1,68,93,21.56,overcast clouds
112,Khasan,RU,42.4308,130.6434,69.01,78,94,7.18,overcast clouds
113,Ponta Do Sol,PT,32.6667,-17.1,69.01,69,67,9.89,broken clouds
114,Kaitangata,NZ,-46.2817,169.8464,45.39,88,100,2.82,overcast clouds
115,Tilichiki,RU,60.4667,166.1,44.74,94,100,1.88,light rain
116,Acara,BR,-1.9608,-48.1967,78.01,78,100,2.84,overcast clouds
117,Rio Claro,BR,-22.4114,-47.5614,61.32,66,0,3.2,clear sky
118,Catende,BR,-8.6667,-35.7167,70.77,96,52,3.02,broken clouds
119,Avarua,CK,-21.2078,-159.775,80.65,69,40,16.11,scattered clouds
120,Esperance,AU,-33.8667,121.9,48.04,80,100,8.99,overcast clouds
121,Port Hardy,CA,50.6996,-127.4199,57.38,72,40,14.97,scattered clouds
122,Rupert,US,42.6191,-113.6772,62.55,34,20,20.71,few clouds
123,Bambous Virieux,MU,-20.3428,57.7575,68.25,88,40,3.44,scattered clouds
124,Azul,AR,-36.777,-59.8585,46.35,65,26,6.69,scattered clouds
125,Phuket,TH,8.0,98.25,86.13,89,20,0.0,light rain
126,Aksarka,RU,66.5606,67.7975,59.45,93,96,5.1,overcast clouds
127,Porto Santo,PT,33.072,-16.3415,66.58,77,40,19.57,scattered clouds
128,Atuona,PF,-9.8,-139.0333,77.7,77,30,14.61,scattered clouds
129,Qeshm,IR,26.9581,56.2719,85.89,68,4,2.68,clear sky
130,Manzhouli,CN,49.6,117.4333,64.47,78,100,13.76,overcast clouds
131,Praia,CV,14.9215,-23.5087,75.74,88,98,6.91,haze
132,Saskylakh,RU,71.9167,114.0833,41.29,53,12,1.59,few clouds
133,Hovd,MN,48.0056,91.6419,61.41,39,97,5.99,overcast clouds
134,Flin Flon,CA,54.7682,-101.865,71.44,64,100,14.97,overcast clouds
135,Vanimo,PG,-2.6741,141.3028,80.73,76,31,3.8,scattered clouds
136,Hermanus,ZA,-34.4187,19.2345,45.81,82,24,11.36,few clouds
137,Kholtoson,RU,50.2981,103.3097,54.48,84,37,1.23,scattered clouds
138,Almeirim,BR,-1.5233,-52.5817,76.26,83,39,2.44,scattered clouds
139,Fortuna,US,40.5982,-124.1573,65.93,66,40,5.99,scattered clouds
140,Namatanai,PG,-3.6667,152.4333,82.38,72,5,4.21,clear sky
141,Cap Malheureux,MU,-19.9842,57.6142,67.46,74,0,3.0,clear sky
142,Zhangjiakou,CN,40.81,114.8794,73.36,74,69,2.37,broken clouds
143,Praya,CV,14.9215,-23.5087,75.74,88,98,6.91,haze
144,Marabba,SD,12.35,32.1833,82.22,57,100,16.28,overcast clouds
145,Jibuti,DJ,11.5,42.5,85.19,40,84,11.59,broken clouds
146,Mayo,US,38.8876,-76.5119,79.03,35,0,10.36,clear sky
147,Rocha,UY,-34.4833,-54.3333,46.17,65,86,6.53,overcast clouds
148,Severnyy,RU,50.677,36.5532,66.24,59,0,8.95,clear sky
149,Srednekolymsk,RU,67.45,153.6833,63.81,44,100,10.02,overcast clouds
150,Mahebourg,MU,-20.4081,57.7,68.29,88,40,3.44,scattered clouds
151,Huarmey,PE,-10.0681,-78.1522,65.01,79,3,12.53,clear sky
152,Kutum,SD,14.2,24.6667,79.99,20,38,10.87,scattered clouds
153,Samarai,PG,-10.6167,150.6667,80.73,81,68,13.71,moderate rain
154,Palmer,US,42.1584,-72.3287,69.4,41,75,12.66,broken clouds
155,Sakakah,SA,29.9697,40.2064,92.77,16,0,10.42,clear sky
156,Bandarbeyla,SO,9.4942,50.8122,78.04,71,89,30.49,overcast clouds
157,Male,MV,4.1748,73.5089,84.15,79,40,8.05,scattered clouds
158,Valera,VE,9.3178,-70.6036,74.89,90,85,2.26,overcast clouds
159,Ancud,CL,-41.8697,-73.8203,40.23,90,88,7.83,overcast clouds
160,Dicabisagan,PH,17.0818,122.4157,82.0,78,14,2.98,few clouds
161,Claremore,US,36.3126,-95.6161,92.1,59,0,5.75,clear sky
162,Caravelas,BR,-17.7125,-39.2481,71.02,82,1,5.59,clear sky
163,Kenai,US,60.5544,-151.2583,62.02,65,0,9.22,light rain
164,Caldas Novas,BR,-17.7417,-48.625,74.52,45,33,3.38,scattered clouds
165,Dudinka,RU,69.4058,86.1778,58.68,40,84,5.93,broken clouds
166,Khatanga,RU,71.9667,102.5,48.27,50,54,6.55,broken clouds
167,Les Cayes,HT,18.2,-73.75,81.52,76,10,8.61,clear sky
168,Fare,PF,-16.7,-151.0167,79.38,75,9,21.79,light rain
169,Ahipara,NZ,-35.1667,173.1667,54.59,84,100,14.61,light rain
170,Solnechnyy,RU,50.7214,136.6319,53.37,96,100,4.61,overcast clouds
171,Grindavik,IS,63.8424,-22.4338,48.67,100,100,17.27,light intensity drizzle
172,Leh,IN,34.1667,77.5833,42.73,91,100,3.83,overcast clouds
173,Santa Maria,BR,-29.6842,-53.8069,47.5,93,0,3.44,clear sky
174,Zyryanka,RU,65.75,150.85,72.27,34,88,12.37,overcast clouds
175,Cabo San Lucas,MX,22.8909,-109.9124,89.62,69,0,13.8,clear sky
176,Provideniya,RU,64.3833,-173.3,41.11,87,40,15.66,fog
177,Urucara,BR,-2.5364,-57.76,78.76,75,100,1.88,overcast clouds
178,Jupiter,US,26.9342,-80.0942,86.05,65,54,7.0,broken clouds
179,Comodoro Rivadavia,AR,-45.8667,-67.5,39.06,65,0,8.05,clear sky
180,Talnakh,RU,69.4865,88.3972,62.47,33,86,7.92,overcast clouds
181,Dikson,RU,73.5069,80.5464,37.29,85,100,13.6,overcast clouds
182,Raudeberg,NO,61.9875,5.1352,54.27,86,0,13.4,clear sky
183,Ostrovnoy,RU,68.0531,39.5131,39.61,97,100,12.1,overcast clouds
184,Cururupu,BR,-1.8283,-44.8683,74.26,96,64,3.18,broken clouds
185,Bonthe,SL,7.5264,-12.505,77.7,74,34,6.24,scattered clouds
186,Ternuvate,UA,47.8305,36.1276,61.92,68,0,1.92,clear sky
187,Axim,GH,4.8699,-2.2405,75.4,89,77,5.86,broken clouds
188,Bilibino,RU,68.0546,166.4372,63.32,44,77,12.82,broken clouds
189,Tocopilla,CL,-22.092,-70.1979,61.23,66,20,6.46,few clouds
190,Broome,US,42.2506,-75.833,63.86,52,0,12.66,clear sky
191,Camalu,MX,30.85,-116.0667,70.38,54,0,12.06,clear sky
192,Hambantota,LK,6.1241,81.1185,78.84,84,76,13.87,broken clouds
193,Faanui,PF,-16.4833,-151.75,79.21,76,27,20.49,light rain
194,Ketchikan,US,55.3422,-131.6461,54.07,82,100,4.61,light rain
195,Aurdal,NO,60.9242,9.4159,44.13,80,72,0.81,broken clouds
196,Codrington,AU,-38.2667,141.9667,54.36,66,73,24.11,broken clouds
197,Tateyama,JP,34.9833,139.8667,77.09,91,100,19.1,overcast clouds
198,Kijang,KR,35.2442,129.2139,78.53,73,59,6.42,broken clouds
199,Podgorenskiy,RU,50.405,39.6429,60.17,83,7,7.27,clear sky
200,Pevek,RU,69.7008,170.3133,44.8,69,86,9.78,overcast clouds
201,Roald,NO,62.5833,6.1333,51.75,87,0,10.36,clear sky
202,Chapais,CA,49.7834,-74.8492,64.18,41,0,7.31,clear sky
203,Komsomolskiy,UZ,40.4272,71.7189,75.92,31,97,4.61,overcast clouds
204,Portland,US,45.5234,-122.6762,66.78,69,75,8.05,broken clouds
205,Canmore,CA,51.0834,-115.3521,68.11,41,88,11.5,overcast clouds
206,Egvekinot,RU,66.3167,-179.1667,38.52,93,100,7.2,overcast clouds
207,Saint George,US,37.1041,-113.5841,86.63,8,0,20.71,clear sky
208,Bereda,ES,43.2686,-7.5406,54.41,100,99,2.98,overcast clouds
209,Cidreira,BR,-30.1811,-50.2056,53.83,81,1,3.22,clear sky
210,Koungheul,SN,13.9833,-14.8,78.82,75,90,9.01,overcast clouds
211,Kaniama,CD,-7.5667,24.1833,72.72,44,74,0.87,broken clouds
212,Lata,PT,40.1629,-8.3327,54.72,88,73,4.12,broken clouds
213,Arraial Do Cabo,BR,-22.9661,-42.0278,68.83,73,56,8.32,broken clouds
214,Kununurra,AU,-15.7667,128.7333,64.38,72,96,0.0,overcast clouds
215,Vestmannaeyjar,IS,63.4427,-20.2734,49.32,96,100,17.87,overcast clouds
216,Arnprior,CA,45.4334,-76.3494,68.65,65,5,5.84,clear sky
217,Eyl,SO,7.9803,49.8164,78.03,69,72,24.76,broken clouds
218,Norman Wells,CA,65.282,-126.8329,77.04,38,75,10.36,broken clouds
219,Longyearbyen,SJ,78.2186,15.6401,39.04,65,40,14.97,scattered clouds
220,Upernavik,GL,72.7868,-56.1549,34.38,87,24,12.88,few clouds
221,Kella,DE,51.2333,10.0833,63.63,87,46,4.5,scattered clouds
222,Abu Samrah,SY,35.3029,37.1841,69.3,48,0,8.48,clear sky
223,Banjar,ID,-8.19,114.9675,78.28,88,70,4.68,broken clouds
224,Mmabatho,ZA,-25.85,25.6333,55.36,54,0,6.91,clear sky
225,Deputatskiy,RU,69.3,139.9,37.9,78,88,18.95,overcast clouds
226,Ambulu,ID,-8.345,113.6058,76.23,90,99,1.97,overcast clouds
227,Biak,ID,-0.9131,122.8766,75.31,86,100,4.23,overcast clouds
228,Crowley,US,30.2141,-92.3746,96.87,60,42,3.56,scattered clouds
229,Marzuq,YE,14.4,46.4667,80.74,52,100,6.13,overcast clouds
230,Doha,QA,25.2867,51.5333,89.58,64,0,10.36,clear sky
231,Kurchum,KZ,48.5722,83.6542,65.01,58,31,3.85,scattered clouds
232,Mingaora,PK,34.7758,72.3625,67.41,76,100,3.22,overcast clouds
233,Lagoa,PT,39.05,-27.9833,63.27,73,95,21.56,overcast clouds
234,Santa Ines,BR,-3.6667,-45.38,73.94,93,37,1.81,scattered clouds
235,Pisco,PE,-13.7,-76.2167,61.02,88,40,4.61,mist
236,Bahia Blanca,AR,-38.7196,-62.2724,43.52,72,30,5.95,scattered clouds
237,Pemba,MZ,-12.974,40.5178,70.5,83,20,5.75,few clouds
238,Lebu,CL,-37.6167,-73.65,51.22,87,100,11.18,overcast clouds
239,Asau,RO,46.4333,26.4,58.12,71,0,4.54,clear sky
240,Lampang,TH,18.3333,99.5,76.26,78,20,0.0,few clouds
241,Sioux Lookout,CA,50.1001,-91.917,84.27,58,75,6.91,broken clouds
242,Itoman,JP,26.1247,127.6694,84.58,86,75,12.66,broken clouds
243,Naron,ES,43.5167,-8.1528,57.04,89,100,5.08,overcast clouds
244,Nemuro,JP,43.3236,145.575,55.02,100,100,8.37,overcast clouds
245,Whitehorse,CA,60.7161,-135.0538,65.17,30,75,11.5,broken clouds
246,Harper,LR,4.375,-7.7169,77.05,81,17,8.37,few clouds
247,Iqaluit,CA,63.7506,-68.5145,53.33,43,75,20.71,broken clouds
248,Sitka,US,57.0531,-135.33,53.49,82,100,6.91,light rain
249,Appingedam,NL,53.3217,6.8583,56.08,82,80,1.99,broken clouds
250,Cockburn Town,TC,21.4612,-71.1419,82.36,74,40,6.91,scattered clouds
251,Usinsk,RU,65.9939,57.5281,55.45,76,99,7.29,overcast clouds
252,Maragogi,BR,-9.0122,-35.2225,75.34,86,21,6.51,few clouds
253,Yulara,AU,-25.2406,130.9889,63.05,32,0,5.44,clear sky
254,Bonavista,CA,48.6499,-53.1147,52.3,92,100,16.84,overcast clouds
255,Jalu,LY,29.0331,21.5482,79.63,35,0,7.83,clear sky
256,Berezovyy,RU,51.6667,135.7,58.95,89,100,1.34,overcast clouds
257,Mastic Beach,US,40.7668,-72.8521,71.8,40,0,10.36,clear sky
258,Verkhniy Lomov,RU,53.4678,43.5511,62.56,92,92,15.19,overcast clouds
259,Staryy Nadym,RU,65.6118,72.6842,64.15,63,85,9.4,overcast clouds
260,Guhagar,IN,17.4842,73.1929,79.38,85,99,5.26,overcast clouds
261,Paamiut,GL,61.994,-49.6678,40.14,97,100,11.05,overcast clouds
262,Magistralnyy,RU,56.1725,107.4458,59.61,86,90,0.96,light rain
263,San Cristobal,VE,7.7669,-72.225,68.18,96,88,3.38,overcast clouds
264,Klaksvik,FO,62.2266,-6.589,49.12,86,93,13.11,overcast clouds
265,Nikolskoye,RU,59.7035,30.7861,55.8,79,26,6.91,scattered clouds
266,Cianorte,BR,-23.6633,-52.605,58.23,87,85,2.86,moderate rain
267,Mlalo,TZ,-4.9333,38.9333,67.1,94,56,6.31,broken clouds
268,Bam,IR,29.106,58.357,83.73,18,1,7.25,clear sky
269,Alofi,NU,-19.0595,-169.9187,80.49,83,75,6.91,broken clouds
270,Barcelona,ES,41.3888,2.159,77.61,80,0,10.36,clear sky
271,Kudahuvadhoo,MV,2.6708,72.8944,83.53,68,28,10.76,scattered clouds
272,Shache,CN,38.4167,77.2406,64.49,59,77,3.96,broken clouds
273,Dahuk,IQ,36.8695,42.994,83.59,21,0,4.18,clear sky
274,Mikuni,JP,36.2171,136.1519,78.71,85,19,3.74,few clouds
275,Ulaangom,MN,49.9811,92.0667,60.64,59,13,3.44,few clouds
276,Lawrenceburg,US,38.0373,-84.8966,80.49,41,0,3.44,clear sky
277,Tazmalt,DZ,36.3868,4.3989,79.75,29,0,2.59,clear sky
278,Santa Cruz,BO,-17.8,-63.1667,73.45,60,0,17.27,clear sky
279,Wellington,NZ,-41.2866,174.7756,47.86,83,40,31.07,scattered clouds
280,Honningsvag,NO,70.9821,25.9704,42.55,81,100,5.75,overcast clouds
281,Mormugao,IN,15.4,73.8,76.26,88,75,4.61,broken clouds
282,Meadow Lake,US,34.8014,-106.5436,75.79,51,96,15.73,overcast clouds
283,Bethel,US,41.3712,-73.414,70.52,40,20,17.27,few clouds
284,Salalah,OM,17.0151,54.0924,86.09,84,75,9.22,broken clouds
285,Miandrivazo,MG,-19.5167,45.4667,68.13,55,0,2.01,clear sky
286,Benghazi,LY,32.1167,20.0667,75.87,58,0,8.1,clear sky
287,Lulea,SE,65.5842,22.1547,50.07,87,31,4.61,scattered clouds
288,Normandin,CA,48.8333,-72.5321,68.31,37,0,12.66,clear sky
289,Schwedt,DE,53.0596,14.2815,58.57,95,48,4.27,light rain
290,Vila Franca Do Campo,PT,37.7167,-25.4333,65.19,76,56,14.97,broken clouds
291,Buraydah,SA,26.326,43.975,88.25,11,0,10.31,clear sky
292,Saucillo,MX,28.0167,-105.2833,89.96,26,46,19.17,scattered clouds
293,Pogoanele,RO,44.9167,27.0,60.76,76,8,4.59,clear sky
294,Constantine,DZ,36.365,6.6147,72.81,49,0,2.3,clear sky
295,Tessalit,ML,20.1986,1.0114,90.39,25,64,7.18,broken clouds
296,Opuwo,NA,-18.0607,13.84,46.98,81,0,8.7,clear sky
297,Bourail,NC,-21.5667,165.4833,72.16,56,17,11.54,few clouds
298,Waingapu,ID,-9.6567,120.2641,80.55,70,76,13.44,broken clouds
299,Singaparna,ID,-7.3515,108.111,71.69,96,96,0.89,overcast clouds
300,Cotonou,BJ,6.3654,2.4183,78.78,83,20,6.91,few clouds
301,Dunedin,NZ,-45.8742,170.5036,45.81,82,100,3.0,overcast clouds
302,Panama City,PA,8.9936,-79.5197,82.35,82,20,4.61,few clouds
303,Marienburg,PL,54.0359,19.0266,58.12,95,91,8.23,overcast clouds
304,Khorixas,NA,-20.3667,14.9667,44.49,94,48,7.7,scattered clouds
305,Torbay,CA,47.6666,-52.7314,59.77,89,75,14.97,broken clouds
306,Guerrero Negro,MX,27.9769,-114.0611,69.85,58,0,20.2,clear sky
307,Morro Bay,US,35.3658,-120.8499,86.88,49,8,7.0,clear sky
308,Kaili,ID,-3.4626,120.2147,71.29,82,96,0.94,overcast clouds
309,La Baule-Escoublac,FR,47.2922,-2.364,62.26,95,0,2.3,clear sky
310,Wattegama,LK,6.7989,81.4808,74.1,89,88,4.21,overcast clouds
311,Madimba,TZ,-10.4,40.3333,68.25,86,2,8.75,clear sky
312,Pochutla,MX,15.7432,-96.4661,84.02,92,100,2.46,overcast clouds
313,Sibiti,CG,-3.6819,13.3499,66.47,81,88,3.98,overcast clouds
314,Ouallam,NE,14.3188,2.0866,93.02,37,0,7.23,clear sky
315,Hirara,JP,24.8,125.2833,84.47,84,40,14.97,scattered clouds
316,Roseau,DM,15.3017,-61.3881,80.24,75,100,13.82,overcast clouds
317,Aranda De Duero,ES,41.6704,-3.6892,62.08,55,79,1.32,broken clouds
318,Atar,MR,20.5169,-13.0499,83.35,52,93,5.06,light rain
319,Hay River,CA,60.8156,-115.7999,67.96,39,75,6.91,broken clouds
320,Acapulco,MX,16.8634,-99.8901,84.02,79,75,9.22,broken clouds
321,Fort Nelson,CA,58.8053,-122.7002,76.59,29,40,5.75,scattered clouds
322,Kavieng,PG,-2.5744,150.7967,82.04,75,20,6.49,light rain
323,Ayagoz,KZ,47.9714,80.4392,64.8,56,2,1.57,clear sky
324,Liku,ID,-0.7275,119.8922,76.35,92,100,3.76,overcast clouds
325,Margate,GB,51.3813,1.3862,57.87,82,77,8.99,broken clouds
326,Berlevag,NO,70.8578,29.0864,42.8,93,100,1.14,overcast clouds
327,Souillac,MU,-20.5167,57.5167,68.38,88,40,3.44,scattered clouds
328,Naze,JP,28.3667,129.4833,76.12,84,97,10.56,overcast clouds
329,Teguise,ES,29.0605,-13.564,68.22,73,75,14.97,broken clouds
330,Pyapon,MM,16.2833,95.6833,77.92,91,91,3.42,overcast clouds
331,Lichuan,CN,30.3,108.85,67.91,92,58,2.28,broken clouds
332,Requena,ES,39.4883,-1.1004,68.79,83,1,0.78,clear sky
333,Necochea,AR,-38.5473,-58.7368,44.33,72,80,4.72,broken clouds
334,Coihueco,CL,-36.6167,-71.8333,45.34,93,100,4.61,mist
335,Havre-Saint-Pierre,CA,50.2334,-63.5986,46.4,93,100,16.11,mist
336,Hualmay,PE,-11.0964,-77.6139,62.87,79,11,12.68,few clouds
337,Camacha,PT,33.0833,-16.3333,63.82,77,40,19.57,scattered clouds
338,Sal,JO,32.5694,35.9119,63.73,74,0,5.53,clear sky
339,Puerto Wilches,CO,7.3483,-73.896,76.91,89,86,1.41,overcast clouds
340,Cabra,ES,37.4725,-4.4421,62.01,72,0,2.73,clear sky
341,Kholm,RU,59.2667,32.85,47.61,69,25,9.4,scattered clouds
342,Tura,IN,25.5198,90.2201,72.3,98,100,5.57,moderate rain
343,Wajima,JP,37.4,136.9,77.68,78,40,10.36,scattered clouds
344,Robertsport,LR,6.7533,-11.3686,79.16,76,4,8.5,clear sky
345,Saquarema,BR,-22.92,-42.5103,65.53,83,78,7.63,broken clouds
346,Laredo,US,27.5064,-99.5075,100.69,30,20,16.11,few clouds
347,Bilma,NE,18.6853,12.9164,89.1,11,0,9.1,clear sky
348,Acajutla,SV,13.5928,-89.8275,80.17,82,91,7.74,overcast clouds
349,Faya,SA,18.3851,42.4509,72.12,46,98,4.29,overcast clouds
350,Padilla,CO,3.2204,-76.3139,76.57,93,95,2.33,overcast clouds
351,Saint-Joseph,RE,-21.3667,55.6167,64.78,78,45,13.04,light rain
352,Kayerkan,RU,69.3497,87.7602,60.08,34,89,5.19,overcast clouds
353,Pringsewu,ID,-5.3582,104.9744,73.27,94,27,0.98,scattered clouds
354,Sheridan,US,44.8333,-106.9173,68.38,68,40,14.97,scattered clouds
355,Chuy,UY,-33.6971,-53.4616,46.15,69,63,6.87,broken clouds
356,Byron Bay,AU,-28.65,153.6167,59.94,81,96,12.26,overcast clouds
357,Abohar,IN,30.15,74.1833,85.64,59,65,5.59,broken clouds
358,Geraldton,AU,-28.7667,114.6,50.41,93,43,9.22,scattered clouds
359,Beatrice,US,40.2681,-96.747,93.45,46,0,18.32,clear sky
360,Suna,RU,57.8338,50.0588,53.33,99,100,1.77,light rain
361,Vestmanna,FO,62.1564,-7.1664,47.32,93,100,4.61,light rain
362,Romny,UA,50.751,33.4747,61.14,73,3,8.99,clear sky
363,Marsa Matruh,EG,31.3525,27.2453,71.8,83,0,5.75,clear sky
364,Coquimbo,CL,-29.9533,-71.3436,53.33,82,0,2.3,clear sky
365,Khani,GE,41.9563,42.9566,58.57,98,100,1.14,overcast clouds
366,Sao Joao Da Barra,BR,-21.6403,-41.0511,70.38,72,99,7.18,overcast clouds
367,Kulhudhuffushi,MV,6.6221,73.07,82.36,74,90,13.44,overcast clouds
368,Basarabeasca,MD,46.3311,28.9728,63.72,70,0,2.35,clear sky
369,Velikiy Ustyug,RU,60.7644,46.3106,52.12,99,100,2.46,overcast clouds
370,Laguna,US,38.421,-121.4238,88.14,23,0,10.36,clear sky
371,Catamarca,AR,-28.4696,-65.7852,51.64,42,0,3.69,clear sky
372,Kahului,US,20.8947,-156.47,91.42,35,20,20.71,few clouds
373,Vila Velha,BR,-20.3297,-40.2925,71.55,84,100,10.36,overcast clouds
374,Youhao,CN,47.8667,128.8333,69.46,52,100,1.92,overcast clouds
375,Naryan-Mar,RU,67.6713,53.087,51.35,71,99,2.84,overcast clouds
376,Yinchuan,CN,38.4681,106.2731,79.77,45,56,7.56,broken clouds
377,Salinopolis,BR,-0.6136,-47.3561,78.08,87,94,12.55,overcast clouds
378,San Patricio,US,28.017,-97.5169,93.54,50,28,15.64,scattered clouds
379,Beaverlodge,CA,55.2166,-119.4361,60.15,83,84,8.25,broken clouds
380,Roebourne,AU,-20.7833,117.1333,69.31,47,0,15.05,clear sky
381,Pacific Grove,US,36.6177,-121.9166,78.55,67,0,10.36,clear sky
382,Umm Lajj,SA,25.0213,37.2685,84.13,55,3,7.29,clear sky
383,Sampit,ID,-2.5333,112.95,75.31,95,85,1.99,overcast clouds
384,Baculin,PH,7.4525,126.5842,83.17,69,84,1.68,broken clouds
385,Konstantinovka,RU,49.6167,127.9833,62.37,82,100,5.59,overcast clouds
386,Auki,SB,-8.7676,160.7034,83.88,67,81,1.59,broken clouds
387,Nhulunbuy,AU,-12.2333,136.7667,79.41,78,85,8.05,overcast clouds
388,Mazagao,BR,-0.115,-51.2894,77.05,95,7,3.96,clear sky
389,Borovoy,RU,55.4333,86.0833,58.28,100,40,0.0,scattered clouds
390,Port Macquarie,AU,-31.4333,152.9167,58.89,74,100,9.31,overcast clouds
391,Sal Rei,CV,16.1833,-22.9167,74.12,91,100,10.92,overcast clouds
392,Praia Da Vitoria,PT,38.7333,-27.0667,64.65,77,40,20.13,scattered clouds
393,Vagur,FO,61.4732,-6.8119,48.97,91,90,17.72,light rain
394,Nanortalik,GL,60.1432,-45.2371,39.88,98,100,7.81,overcast clouds
395,Padang,ID,-0.9492,100.3543,76.01,90,100,5.82,overcast clouds
396,San Jeronimo,PE,-11.9472,-75.2829,48.76,74,43,5.86,scattered clouds
397,Dingle,PH,10.9995,122.6711,81.73,78,100,1.9,overcast clouds
398,Katobu,ID,-4.9408,122.5276,78.57,83,99,3.22,overcast clouds
399,Saldanha,ZA,-33.0117,17.9442,48.25,74,56,13.18,broken clouds
400,Cucutilla,CO,7.5394,-72.7724,64.62,90,93,2.21,overcast clouds
401,Evensk,RU,61.95,159.2333,47.46,82,99,7.67,overcast clouds
402,Gizo,SB,-8.103,156.8419,83.5,70,8,5.46,clear sky
403,Ferrol,ES,43.4832,-8.2369,56.71,91,100,6.15,overcast clouds
404,Sakit,IN,27.45,78.8167,82.81,65,99,7.14,overcast clouds
405,Sochi,RU,43.6,39.7303,69.1,82,41,5.82,light rain
406,Northport,US,33.229,-87.5772,91.22,45,0,16.11,clear sky
407,Kiunga,PG,-6.1219,141.2906,76.59,91,100,1.36,moderate rain
408,Kerch,UA,45.3583,36.4758,73.04,67,57,9.19,broken clouds
409,Balud,PH,10.1476,123.6953,78.76,73,77,2.08,broken clouds
410,Mercedes,AR,-34.6515,-59.4307,46.85,50,51,3.04,broken clouds
411,Tlalchapa,MX,18.4,-100.4667,92.62,46,52,2.13,broken clouds
412,Tamalin,MX,21.35,-97.8,81.54,70,93,9.06,overcast clouds
413,Verkhoyansk,RU,67.5447,133.385,52.92,47,84,15.55,broken clouds
414,Veraval,IN,20.9,70.3667,84.24,80,100,15.5,overcast clouds
415,Maldonado,UY,-34.6667,-54.9167,49.23,67,56,6.02,broken clouds
416,Quatre Cocos,MU,-20.2078,57.7625,68.11,74,7,11.32,clear sky
417,Aktau,KZ,43.65,51.2,68.58,60,2,7.99,clear sky
418,Pangnirtung,CA,66.1451,-65.7125,40.57,71,100,2.35,overcast clouds
419,Ginda,IN,30.6945,78.4932,57.94,66,15,6.08,few clouds
420,Rochegda,RU,62.8,43.25,50.56,81,100,4.56,overcast clouds
421,Ponta Delgada,PT,37.7333,-25.6667,65.5,77,75,11.5,broken clouds
422,Noumea,NC,-22.2763,166.4572,75.18,99,51,10.85,broken clouds
423,Coihaique,CL,-45.5752,-72.0662,36.21,69,20,4.61,few clouds
424,Marion,US,39.7684,-86.1555,82.72,29,20,5.75,few clouds
425,Stornoway,GB,58.2093,-6.3865,48.92,91,100,1.14,overcast clouds
426,El Monte,US,34.0686,-118.0276,89.01,37,0,9.22,clear sky
427,Lima,PE,-12.0432,-77.0282,59.25,77,75,10.36,broken clouds
428,Wanaka,NZ,-44.7,169.15,40.1,83,41,1.01,scattered clouds
429,Daru,PG,-9.0763,143.2092,78.51,87,100,18.07,overcast clouds
430,Gogaran,AM,40.8926,44.1992,60.64,97,85,5.41,overcast clouds
431,Karasburg,NA,-28.0167,18.75,46.15,46,30,9.42,scattered clouds
432,Nidzica,PL,53.3605,20.4275,58.59,95,49,8.95,scattered clouds
433,Hobyo,SO,5.3505,48.5268,77.7,83,22,25.46,few clouds
434,Tete,MZ,-16.1564,33.5867,55.49,88,40,0.0,scattered clouds
435,Kapasan,ID,-6.7773,111.3789,76.24,87,58,5.88,broken clouds
436,Henties Bay,NA,-22.116,14.2845,53.71,88,0,1.36,clear sky
437,Krasnokamensk,RU,50.0979,118.0369,65.21,79,100,15.88,overcast clouds
438,Banda Aceh,ID,5.5577,95.3222,78.42,80,67,5.14,broken clouds
439,Zlatoust,RU,55.1711,59.6508,48.56,99,62,3.89,broken clouds
440,Mpika,ZM,-11.8343,31.4529,52.68,72,17,5.91,few clouds
441,Olafsvik,IS,64.8945,-23.7142,48.11,96,100,12.68,overcast clouds
442,Deli Tua,ID,3.5078,98.6839,74.91,94,20,2.3,haze
443,Lauria,IT,40.0465,15.8358,64.42,74,33,3.78,scattered clouds
444,Bairiki,KI,1.3292,172.9752,86.0,70,75,12.66,broken clouds
445,Mangan,IN,27.5167,88.5333,73.17,96,100,0.96,overcast clouds
446,Narsaq,GL,60.9167,-46.05,48.42,98,100,3.89,overcast clouds
447,Oistins,BB,13.0667,-59.5333,80.69,74,40,19.57,scattered clouds
448,Kachiry,KZ,53.0675,76.1036,63.34,77,3,3.74,clear sky
449,Flinders,AU,-34.5833,150.8552,58.37,92,100,4.0,overcast clouds
450,Touros,BR,-5.1989,-35.4608,76.05,83,29,10.63,scattered clouds
451,Bantry,IE,51.6833,-9.45,56.79,92,13,7.99,few clouds
452,Anadyr,RU,64.75,177.4833,52.3,66,40,13.42,scattered clouds
453,Corrente,BR,-3.7367,-43.3394,74.55,84,44,2.59,scattered clouds
454,Qaqortoq,GL,60.7167,-46.0333,40.21,98,100,7.16,overcast clouds
455,Mount Isa,AU,-20.7333,139.5,64.17,36,99,9.22,overcast clouds
456,Staunton,US,38.1496,-79.0717,72.52,33,0,10.36,clear sky
457,Chicama,PE,-7.8447,-79.1469,61.34,81,33,7.43,scattered clouds
458,Port Hedland,AU,-20.3167,118.5667,60.85,72,0,9.22,clear sky
459,Sao Jose Da Coroa Grande,BR,-8.8978,-35.1478,75.63,85,30,6.46,scattered clouds
460,Bengkulu,ID,-3.8004,102.2655,74.66,90,100,5.26,overcast clouds
461,Forest Grove,US,45.5198,-123.1107,65.5,69,100,3.0,overcast clouds
462,Khawhai,IN,23.3667,93.1167,60.39,99,100,1.52,overcast clouds
463,San Rafael,AR,-34.6177,-68.3301,45.19,37,74,2.26,broken clouds
464,Chardara,KZ,41.2547,67.9692,71.6,60,100,1.86,overcast clouds
465,Los Llanos De Aridane,ES,28.6585,-17.9182,67.75,79,100,14.97,overcast clouds
466,Rundu,NA,-17.9333,19.7667,55.71,49,6,7.27,clear sky
467,Paciran,ID,-6.8767,112.3761,77.43,87,90,5.59,overcast clouds
468,Perth,AU,-31.9333,115.8333,55.58,97,75,9.22,broken clouds
469,Wexford,IE,52.3342,-6.4575,54.21,88,7,10.96,clear sky
470,Mahon,ES,39.8885,4.2658,73.96,88,0,14.97,clear sky
471,Ambilobe,MG,-13.2,49.05,66.97,85,4,3.89,clear sky
472,Half Moon Bay,US,37.4636,-122.4286,85.78,62,0,24.16,clear sky
473,Moron,AR,-34.6534,-58.6198,55.78,61,64,3.06,broken clouds
474,Kieta,PG,-6.2167,155.6333,84.2,63,3,3.13,clear sky
475,Zhigansk,RU,66.7697,123.3711,44.76,62,49,25.19,scattered clouds
476,Westport,US,41.1415,-73.3579,72.09,39,0,11.5,clear sky
477,Pundaguitan,PH,6.3711,126.1689,82.98,72,59,4.47,broken clouds
478,Tamuin,MX,21.9833,-98.75,87.78,53,63,11.68,broken clouds
479,Iquique,CL,-20.2208,-70.1431,59.04,77,9,4.52,clear sky
480,Sur,OM,22.5667,59.5289,85.48,70,3,7.07,clear sky
481,Atasu,KZ,48.6814,71.6433,67.93,44,99,5.37,overcast clouds
482,Mandalgovi,MN,45.7625,106.2708,57.42,50,2,14.54,clear sky
483,Lusambo,CD,-4.9667,23.45,68.36,94,100,2.8,light rain
484,Dalvik,IS,65.9702,-18.5286,57.13,94,93,3.67,overcast clouds
485,Aasiaat,GL,68.7098,-52.8699,34.95,85,13,10.09,few clouds
486,Varzea Alegre,BR,-5.35,-40.3833,75.51,59,21,4.05,few clouds
487,Novyy Urgal,RU,51.0736,132.5642,64.0,66,80,1.88,broken clouds
488,Buala,SB,-8.145,159.5921,83.95,70,45,5.35,scattered clouds
489,Cuamba,MZ,-14.8031,36.5372,54.64,89,0,1.63,clear sky
490,Teahupoo,PF,-17.8333,-149.2667,78.76,73,33,18.14,scattered clouds
491,San Andres,CO,12.5847,-81.7006,82.42,78,75,4.61,broken clouds
492,Sao Filipe,CV,14.8961,-24.4956,73.98,93,91,8.68,light rain
493,Mayumba,GA,-3.432,10.6554,71.26,89,97,7.94,overcast clouds
494,Vejle,DK,55.7093,9.5357,53.33,85,35,4.88,scattered clouds
495,Alexandria,EG,31.2156,29.9553,73.36,73,40,9.22,scattered clouds
496,Araouane,ML,18.9048,-3.5265,92.77,30,43,7.27,scattered clouds
497,Akonolinga,CM,3.7667,12.25,66.15,99,88,2.84,light rain
498,Beringovskiy,RU,63.05,179.3167,47.43,80,100,12.21,overcast clouds
499,Nakamura,JP,32.9833,132.9333,76.19,84,100,2.24,light rain
500,Kiama,AU,-34.6833,150.8667,62.01,94,100,1.99,overcast clouds
501,Skibbereen,IE,51.55,-9.2667,57.11,88,13,9.17,few clouds
502,La Palma,US,33.8464,-118.0467,88.9,47,0,18.41,clear sky
503,Shelui,TZ,-4.3667,34.2,65.03,66,97,8.48,overcast clouds
504,Carlagan,PH,14.975,122.0456,85.14,71,21,3.22,light rain
505,Grand Island,US,40.925,-98.342,93.61,42,25,20.98,scattered clouds
506,Biltine,TD,14.5333,20.9167,86.27,44,76,2.57,broken clouds
507,Salta,AR,-24.7859,-65.4117,55.99,60,0,8.05,clear sky
508,Santander,ES,43.4647,-3.8044,62.46,93,100,3.44,overcast clouds
509,Visnes,NO,59.3556,5.2242,53.65,87,13,8.05,few clouds
510,Rafaela,AR,-31.2503,-61.4867,55.98,37,2,1.01,clear sky
511,Zigong,CN,29.3416,104.7769,78.55,75,37,0.89,scattered clouds
512,Haines Junction,CA,60.7522,-137.5108,62.55,39,27,12.66,scattered clouds
513,Marawi,PH,7.9986,124.2928,75.49,80,30,1.16,scattered clouds
514,Aracruz,BR,-19.8203,-40.2733,70.81,82,54,6.78,broken clouds
515,Charters Towers,AU,-20.1,146.2667,67.53,59,70,11.77,broken clouds
516,Pimenta Bueno,BR,-11.6725,-61.1936,73.87,74,5,2.64,clear sky
517,Lekoni,GA,-1.5843,14.2591,76.55,63,93,6.58,overcast clouds
518,Kavaratti,IN,10.5669,72.642,82.13,78,50,14.32,scattered clouds
519,Lembeni,TZ,-3.7833,37.6167,59.0,94,77,2.33,broken clouds
520,Strezhevoy,RU,60.7333,77.5889,62.91,65,42,2.48,scattered clouds
521,Lincoln,US,40.8,-96.667,94.17,49,0,21.85,clear sky
522,Taguatinga,BR,-12.3857,-46.5711,74.19,30,44,5.26,scattered clouds
523,Kolar,IN,13.1333,78.1333,70.56,88,99,6.55,light rain
524,Falun,SE,60.6036,15.626,55.81,91,88,2.91,overcast clouds
525,Eberndorf,AT,46.5914,14.6436,72.97,91,37,2.62,scattered clouds
526,Lagunas,PE,-5.2269,-75.6753,72.75,98,97,0.92,overcast clouds
527,Micheweni,TZ,-4.9667,39.8333,75.99,76,92,11.48,overcast clouds
528,Edgewater,US,28.9889,-80.9023,84.43,79,20,8.05,few clouds
529,West Wendover,US,40.7391,-114.0733,67.21,28,40,17.27,scattered clouds
530,Dzerzhinsk,RU,56.2389,43.4631,60.62,100,40,8.95,scattered clouds
531,Tianpeng,CN,30.9866,103.9393,75.67,70,100,3.71,overcast clouds
532,Ratangarh,IN,28.0833,74.6,80.4,70,56,7.54,broken clouds
533,Dese,ET,11.1333,39.6333,58.01,69,98,2.28,overcast clouds
534,Sandovo,RU,58.4602,36.4128,44.76,85,85,5.73,overcast clouds
535,Jinotepe,NI,11.8496,-86.199,72.91,92,100,3.33,light rain
536,Yumen,CN,40.2833,97.2,73.22,19,100,11.86,overcast clouds
537,Meulaboh,ID,4.1363,96.1285,75.38,89,94,4.14,overcast clouds
538,Mogzon,RU,51.7435,111.9606,60.26,72,99,7.76,overcast clouds
539,Tekkali,IN,18.6167,84.2333,82.22,83,99,6.35,overcast clouds
540,Broken Hill,AU,-31.95,141.4333,57.06,48,63,13.85,broken clouds
541,Kirakira,SB,-10.4544,161.9205,84.36,67,47,4.54,scattered clouds
542,Belaya Gora,RU,68.5333,146.4167,56.35,42,40,20.45,scattered clouds
543,Taksimo,RU,56.3444,114.8794,66.76,64,75,1.66,light rain
544,Altay,CN,47.8667,88.1167,63.66,51,1,3.71,clear sky
545,Tual,ID,-5.6667,132.75,78.82,81,90,1.83,light rain
546,Coatesville,US,39.9832,-75.8238,75.4,26,0,10.36,clear sky
547,Tanout,NE,14.9709,8.8879,83.28,40,46,7.36,scattered clouds
548,Mbinga,TZ,-10.9333,35.0167,51.78,83,2,1.59,clear sky
549,Groa,NO,62.65,8.7167,51.21,88,3,0.6,light rain
550,Kushiro,JP,42.975,144.3747,63.55,100,75,5.75,moderate rain
551,Tromso,NO,69.6496,18.957,47.37,87,100,3.44,overcast clouds
552,Warri,NG,5.5167,5.75,73.8,94,93,3.98,overcast clouds
553,Pangai,TO,-19.8,-174.35,82.51,83,75,5.75,broken clouds
554,Golden,US,39.7555,-105.2211,84.65,34,75,11.5,broken clouds
555,Santana Do Acarau,BR,-3.4606,-40.2122,74.16,93,60,2.64,broken clouds
556,Baranain,ES,42.8057,-1.6773,66.29,77,0,9.22,clear sky
557,Port Lincoln,AU,-34.7333,135.8667,58.15,66,98,15.21,overcast clouds
558,Purworejo,ID,-6.7872,111.9224,78.58,81,82,7.11,broken clouds
559,La Ciotat,FR,43.1748,5.6045,76.89,82,0,6.53,clear sky
560,Vila,PT,42.0304,-8.1588,46.71,89,95,3.4,overcast clouds
561,Mandan,US,46.8267,-100.8896,96.78,39,0,19.57,clear sky
562,Santa Isabel Do Rio Negro,BR,-0.4139,-65.0192,72.52,99,100,2.89,overcast clouds
563,Freeport,US,40.6576,-73.5832,73.38,35,0,23.02,clear sky
564,Mount Gambier,AU,-37.8333,140.7667,49.42,89,83,15.55,light rain
565,Lafiagi,NG,8.8667,5.4167,77.9,80,97,2.01,overcast clouds
566,Viedma,AR,-40.8135,-62.9967,39.02,68,29,2.21,scattered clouds
567,Grants,US,35.1473,-107.8514,64.63,72,40,6.91,scattered clouds
568,Abu Dhabi,AE,24.4667,54.3667,93.31,83,6,3.44,clear sky
569,Ozu,JP,33.5,132.55,71.22,82,100,0.51,overcast clouds
570,Thinadhoo,MV,0.5333,72.9333,83.43,70,61,10.18,broken clouds
571,Karlsfeld,DE,48.2167,11.4667,70.41,70,78,5.14,broken clouds
572,Garachine,PA,8.0647,-78.3628,78.31,84,100,14.74,overcast clouds
573,Manggar,ID,-2.8833,108.2667,81.01,79,50,8.16,scattered clouds
574,La Ronge,CA,55.1001,-105.2842,68.25,68,100,4.61,overcast clouds
575,Kalmunai,LK,7.4167,81.8167,79.05,84,91,3.94,overcast clouds
576,Saint Anthony,US,45.0205,-93.218,98.38,37,0,18.41,clear sky
577,Guangshui,CN,31.6199,113.9978,79.41,81,32,1.54,scattered clouds
578,Vao,NC,-22.6667,167.4833,70.9,57,9,18.21,clear sky
579,Shebunino,RU,46.4339,141.8603,55.18,97,100,3.24,light rain
580,Suez,EG,29.9737,32.5263,70.38,75,0,8.59,clear sky
581,Vila Nova De Milfontes,PT,37.7238,-8.7828,63.25,81,8,11.86,clear sky
582,Labuhan,ID,-6.8844,112.2051,77.47,85,80,6.29,broken clouds
583,Leningradskiy,RU,69.3833,178.4167,53.49,60,58,5.95,broken clouds
584,Bathsheba,BB,13.2167,-59.5167,81.21,74,40,19.57,scattered clouds
585,Arman,RU,59.7,150.1667,52.02,85,100,5.26,overcast clouds
586,Baikunthpur,IN,23.25,82.55,77.31,70,81,3.62,broken clouds
587,Bull Savanna,JM,17.8868,-77.5902,76.95,77,99,12.88,overcast clouds
588,Ucluelet,CA,48.9329,-125.5528,61.11,81,85,1.99,overcast clouds
589,Ust-Karsk,RU,52.7011,118.8077,63.32,98,100,2.46,moderate rain
590,Suhbaatar,MN,50.2314,106.2078,63.12,69,5,5.44,clear sky
591,Mahajanga,MG,-15.7167,46.3167,73.42,78,40,3.44,scattered clouds
592,Karratha,AU,-20.7377,116.8463,69.39,47,0,15.82,clear sky
593,Aklavik,CA,68.2191,-135.0107,57.24,42,56,18.32,broken clouds
594,Dangtu,CN,31.5723,118.4928,78.85,67,18,1.99,few clouds
595,Mitsamiouli,KM,-11.3847,43.2844,77.45,71,4,3.83,clear sky
596,Leshukonskoye,RU,64.8989,45.7622,49.66,68,100,3.38,overcast clouds
597,Fukue,JP,32.6881,128.8419,73.76,100,75,5.75,fog
598,Lerwick,GB,60.1545,-1.1494,50.0,94,4,7.67,clear sky
599,Voitsberg,AT,47.0333,15.15,61.74,87,72,4.59,broken clouds
600,Nador,MA,35.174,-2.9287,77.07,57,0,8.05,clear sky
601,Mega,ET,4.05,38.3,56.16,88,89,11.43,light rain
602,Corinto,GR,37.9407,22.9573,70.9,55,1,5.01,clear sky
603,Karema,TZ,-6.8205,30.4389,69.42,60,47,3.87,scattered clouds
604,Lubango,AO,-14.9172,13.4925,50.05,42,0,5.12,clear sky
605,Nabire,ID,-3.3667,135.4833,76.8,92,97,3.8,overcast clouds
606,Igarka,RU,67.4667,86.5833,62.22,41,57,7.11,broken clouds
607,Bafia,CM,4.75,11.2333,67.14,99,80,2.19,broken clouds
608,San Angelo,US,31.4638,-100.437,97.02,23,0,12.66,clear sky
609,Altamira,BR,-3.2033,-52.2064,76.33,79,85,1.48,overcast clouds
610,Sturgeon Bay,US,44.8342,-87.377,71.56,49,100,14.97,overcast clouds
611,Jumla,NP,29.2747,82.1838,56.3,90,100,0.43,overcast clouds
612,Quelimane,MZ,-17.8786,36.8883,66.15,88,0,2.3,clear sky
613,Swift Current,CA,50.2834,-107.8014,61.61,94,100,11.5,light rain
614,Oussouye,SN,12.485,-16.5469,78.89,83,100,11.5,overcast clouds
615,Cloquet,US,46.7216,-92.4594,90.79,52,27,8.05,scattered clouds
616,Icod De Los Vinos,ES,28.3724,-16.7119,69.6,93,40,14.88,scattered clouds
617,Pasni,PK,25.2631,63.471,82.11,85,25,17.07,scattered clouds
618,Umm Kaddadah,SD,13.6017,26.6876,89.65,19,94,8.43,overcast clouds
619,Mackay,AU,-21.15,149.2,68.68,81,99,11.95,overcast clouds
620,Petropavlovsk-Kamchatskiy,RU,53.0452,158.6483,64.99,59,0,2.24,clear sky
621,Kwinana,AU,-32.25,115.7667,56.23,80,100,3.27,overcast clouds
622,Bunia,CD,1.5667,30.25,61.83,95,99,2.28,overcast clouds
623,Kibala,TD,9.1104,18.3463,78.75,83,0,0.0,clear sky
624,Miranda,CO,3.2499,-76.2281,75.33,94,95,3.76,moderate rain
625,Bardiyah,LY,31.7561,25.0865,72.32,73,0,2.73,clear sky
626,Oskarshamn,SE,57.2645,16.4484,45.99,66,80,7.31,broken clouds
627,Porbandar,IN,21.6422,69.6093,84.2,80,100,16.04,overcast clouds
628,Tongren,CN,27.7172,109.1853,75.15,97,89,1.25,overcast clouds
629,Arlit,NE,18.7369,7.3853,91.58,22,31,9.86,scattered clouds
630,Yar-Sale,RU,66.8333,70.8333,61.07,87,100,3.71,light rain
631,Tabou,CI,4.423,-7.3528,77.18,79,19,7.72,few clouds
632,Moree,AU,-29.4667,149.85,60.73,60,69,3.18,broken clouds
633,Jamsa,FI,61.8642,25.19,51.15,93,100,5.26,overcast clouds
634,Ugoofaaru,MV,5.6667,73.0,82.63,74,53,11.97,broken clouds
635,Cadillac,US,44.2519,-85.4012,73.31,35,40,11.5,scattered clouds
636,Nakusp,CA,50.2499,-117.8023,66.54,59,98,1.14,overcast clouds
637,Launceston,AU,-41.45,147.1667,54.81,86,40,5.75,scattered clouds
638,Lat Yao,TH,15.751,99.7893,80.06,70,100,3.49,overcast clouds
639,Biala Podlaska,PL,52.0324,23.1165,64.02,73,3,8.84,clear sky
640,Remanso,BR,-9.6179,-42.0831,77.83,45,9,9.51,clear sky
641,Tondano,ID,1.3038,124.9112,69.89,89,99,2.39,light rain
642,Tommot,RU,58.9564,126.2925,73.89,47,1,4.23,clear sky
643,Tsiroanomandidy,MG,-18.7667,46.0333,62.98,71,55,4.97,broken clouds
644,Udachnyy,RU,66.4167,112.4,46.45,60,16,15.75,few clouds
645,Los Alamos,US,35.8881,-106.307,68.29,37,100,24.16,heavy intensity rain
646,Lom Sak,TH,16.7798,101.2422,73.29,94,20,1.14,few clouds
647,Pitanga,BR,-24.7572,-51.7614,51.73,91,84,1.19,light rain
648,Hofn,IS,64.2539,-15.2082,50.58,97,70,15.95,broken clouds
649,Bacolod,PH,10.6667,122.95,82.2,76,88,0.2,overcast clouds
650,Saiha,IN,22.4833,92.9667,69.44,98,100,2.01,overcast clouds
651,Mackenzie,CA,55.2999,-123.1698,66.42,52,40,4.61,scattered clouds
652,Mafra,BR,-26.1114,-49.8053,49.51,94,34,2.59,scattered clouds
653,San Antonio,US,29.4241,-98.4936,101.07,32,20,14.97,few clouds
654,Rexburg,US,43.826,-111.7897,64.38,36,75,14.97,broken clouds
655,Naranjos,MX,21.35,-97.6833,81.63,73,94,8.46,overcast clouds
656,Shimoda,JP,34.6667,138.95,76.1,90,100,13.4,moderate rain
657,Belle Glade,US,26.6845,-80.6676,84.02,86,60,21.36,broken clouds
658,San-Pedro,CI,4.7485,-6.6363,76.96,83,83,7.56,broken clouds
659,Bandipur,NP,27.9333,84.4167,66.97,85,61,2.08,broken clouds
660,Aykhal,RU,66.0,111.5,46.47,54,8,17.27,clear sky
661,Dzilam Gonzalez,MX,21.2833,-88.9333,83.57,67,99,10.56,overcast clouds
662,Dickinson,US,29.4608,-95.0513,100.13,46,20,13.8,few clouds
663,Luena,AO,-11.7833,19.9167,52.47,56,81,2.89,broken clouds
664,Bollnas,SE,61.3482,16.3946,50.97,88,100,4.54,overcast clouds
665,Svetlaya,RU,46.5389,138.3297,54.03,94,92,8.3,overcast clouds
666,San Ramon,US,37.7799,-121.978,87.49,36,0,17.27,clear sky
667,Winnemucca,US,40.973,-117.7357,60.85,31,100,4.61,overcast clouds
668,Hondo,JP,32.45,130.2,73.08,94,100,6.62,overcast clouds
669,Isangel,VU,-19.55,169.2667,74.95,78,40,13.94,scattered clouds
670,Korem,ET,12.5058,39.5228,60.08,58,100,2.19,overcast clouds
671,Sainte-Marie,RE,-20.8968,55.5496,68.41,79,20,6.91,few clouds
672,Puerto Leguizamo,CO,-0.1934,-74.7819,71.78,99,61,1.19,broken clouds
673,Wad Rawah,SD,15.1603,33.1397,81.63,57,94,23.62,overcast clouds
674,West Point,US,33.6076,-88.6503,89.67,42,0,11.5,clear sky
675,Kikwit,CD,-5.041,18.8162,72.46,56,71,1.72,broken clouds
676,Amapa,BR,1.0,-52.0,71.65,98,19,1.34,few clouds
677,Iralaya,HN,15.0,-83.2333,78.58,88,100,15.61,overcast clouds
678,Qasigiannguit,GL,68.8193,-51.1922,39.45,81,16,4.03,few clouds
679,Motala,SE,58.5371,15.0365,51.57,79,0,8.5,clear sky
680,Port Moresby,PG,-9.4431,147.1797,83.62,74,40,5.75,scattered clouds
681,Paita,PE,-5.0892,-81.1144,65.32,80,13,17.43,few clouds
682,Esso,RU,55.9333,158.7,52.7,72,100,3.62,light rain
683,Bairnsdale,AU,-37.8333,147.6167,53.8,58,100,2.89,overcast clouds
684,Santa Rosa,PH,14.3122,121.1114,86.09,78,19,5.19,few clouds
685,Tautira,PF,-17.7333,-149.15,78.24,74,47,18.34,scattered clouds
686,Maihar,IN,24.2667,80.75,78.66,76,100,7.96,overcast clouds
687,Bo Phloi,TH,14.3236,99.5161,77.52,78,94,5.97,overcast clouds
688,San Quintin,MX,30.4833,-115.95,68.47,63,0,16.11,clear sky
689,Lavrentiya,RU,65.5833,-171.0,56.17,48,10,9.62,clear sky
690,Chapleau,CA,47.8405,-83.4034,60.89,55,100,3.44,overcast clouds
691,Mabaruma,GY,8.2,-59.7833,74.77,87,59,5.08,broken clouds
692,Lorengau,PG,-2.0226,147.2712,83.61,67,15,4.16,few clouds
693,Bonfim,BR,3.0833,-59.95,76.37,87,99,6.11,overcast clouds
694,Tahta,EG,26.7693,31.5021,80.94,27,0,10.76,clear sky
695,Sosnovo-Ozerskoye,RU,52.5249,111.5418,62.8,53,100,8.75,overcast clouds
